candidate,categoria,score_final,score_ponderado,faithfulness
flan_estruturado,financeiro,0.9913200537363688,1.4869800806045532,1.0
flan_estruturado,politica,0.9301234086354574,1.395185112953186,1.0
flan_estruturado,contrato,0.7928074333402845,1.1892111500104268,1.0
qwen_estruturado,politica,0.7376785145865546,1.106517771879832,0.3333333333333333
qwen_estruturado,financeiro,0.6367623541090223,0.9551435311635335,0.4375
qwen_estruturado,contrato,0.4852527644899156,0.7278791467348734,0.16666666666666666
qwen_generico,financeiro,0.7699772914250692,1.1549659371376038,0.5
qwen_generico,contrato,0.621985814306471,0.9329787214597065,0.4
qwen_generico,politica,0.4717987219492594,0.7076980829238891,0.2
